month,GPR,GPRT,GPRA,SHARE_GPR,N10
1985-01,102.17337799072266,107.57417297363281,89.64749145507812,3.0645718574523926,11584.0
1985-02,117.10202026367188,126.4427261352539,96.60166931152344,3.5123393535614014,10819.0
1985-03,124.77815246582031,127.07085418701172,116.98727416992188,3.7425758838653564,12291.0
1985-04,87.92900085449219,94.64019775390625,73.75779724121094,2.6373283863067627,12816.0
1985-05,103.26284790039062,111.15978240966797,92.27672576904297,3.0972492694854736,13851.0
1985-06,148.78282165527344,134.65670776367188,174.1437530517578,4.462568283081055,12997.0
1985-07,133.90542602539062,126.30107879638672,149.5423583984375,4.016337871551514,11752.0
1985-08,82.78410339355469,75.26383972167969,84.87953186035156,2.483013153076172,11921.0
1985-09,102.43449401855469,101.56950378417969,92.48631286621094,3.072403907775879,12596.0
1985-10,105.99191284179688,91.34220886230469,118.73129272460938,3.1791045665740967,13400.0
1985-11,94.84818267822266,98.25837707519531,80.12213897705078,2.8448612689971924,12795.0
1985-12,96.4211654663086,80.3045654296875,111.21063232421875,2.892040967941284,12690.0
1986-01,135.36074829101562,137.66831970214844,166.0226287841797,4.059988498687744,12069.0
1986-02,98.75003051757812,84.02117919921875,114.81560516357422,2.961892604827881,11074.0
1986-03,98.67667388916016,85.12946319580078,117.56116485595703,2.9596924781799316,12231.0
1986-04,148.31385803222656,142.49339294433594,182.87278747558594,4.448502063751221,12049.0
1986-05,117.38924407958984,126.68498992919922,114.20220947265625,3.520954132080078,12241.0
1986-06,96.29425048828125,106.94334411621094,80.0658187866211,2.8882343769073486,12222.0
1986-07,94.70178985595703,99.80805206298828,83.9753189086914,2.840470314025879,11653.0
1986-08,103.34593963623047,104.75926971435547,99.84519958496094,3.0997416973114014,12001.0
1986-09,117.1078872680664,106.35902404785156,126.74607849121094,3.5125153064727783,12185.0
1986-10,96.79243469238281,109.01692199707031,77.40582275390625,2.903176784515381,13158.0
1986-11,109.77281951904297,124.65135192871094,89.47162628173828,3.292508363723755,12574.0
1986-12,89.75377655029297,93.46377563476562,78.10250091552734,2.6920604705810547,12444.0
1987-01,96.94281768798828,90.4955062866211,104.48915100097656,2.9076874256134033,15545.0
1987-02,100.683349609375,109.72402954101562,89.29598236083984,3.0198802947998047,14537.0
1987-03,89.60771942138672,105.55125427246094,67.09355163574219,2.6876795291900635,16371.0
1987-04,113.39408111572266,117.12814331054688,99.12645721435547,3.4011240005493164,17259.0
1987-05,98.65091705322266,97.37140655517578,95.23518371582031,2.9589197635650635,17405.0
1987-06,94.18240356445312,99.82925415039062,81.82940673828125,2.824892044067383,16921.0
1987-07,98.87196350097656,107.52894592285156,88.26481628417969,2.965549945831299,16894.0
1987-08,99.96844482421875,115.48031616210938,87.60133361816406,2.9984376430511475,16642.0
1987-09,121.16707611083984,143.4519805908203,97.5398178100586,3.634265899658203,17335.0
1987-10,101.05858612060547,110.70101928710938,88.82691192626953,3.031135082244873,18211.0
1987-11,96.15348815917969,110.79949951171875,75.88374328613281,2.884012460708618,17545.0
1987-12,109.85638427734375,124.4972915649414,88.26872253417969,3.2950148582458496,17572.0
1988-01,83.20153045654297,87.14092254638672,72.89557647705078,2.4955334663391113,17351.0
1988-02,86.20614624023438,90.18925476074219,73.8230972290039,2.585653305053711,17133.0
1988-03,110.20651245117188,105.9420166015625,109.30101776123047,3.305516481399536,18454.0
1988-04,119.45051574707031,113.93638610839844,128.48338317871094,3.5827796459198,17305.0
1988-05,104.87347412109375,106.54883575439453,97.1541748046875,3.1455581188201904,18089.0
1988-06,79.70812225341797,74.01183319091797,81.0764389038086,2.3907527923583984,17735.0
1988-07,83.43048095703125,70.79203796386719,96.27418518066406,2.5024003982543945,16664.0
1988-08,84.05416107177734,73.71106719970703,93.28092193603516,2.5211069583892822,17056.0
1988-09,74.84265899658203,72.93437957763672,74.3477783203125,2.244818687438965,17997.0
1988-10,73.45023345947266,71.80867004394531,65.83024597167969,2.203054666519165,18202.0
1988-11,68.79841613769531,55.85908508300781,77.55838012695312,2.0635287761688232,17252.0
1988-12,90.39871978759766,82.27973937988281,94.38412475585938,2.711404800415039,17703.0
1989-01,89.24658966064453,89.09522247314453,82.81503295898438,2.6768479347229004,23311.0
1989-02,91.6185531616211,88.43746948242188,91.77456665039062,2.7479922771453857,21543.0
1989-03,87.73377227783203,79.90110778808594,93.08662414550781,2.6314728260040283,24815.0
1989-04,83.57909393310547,77.83438873291016,84.56328582763672,2.5068578720092773,23695.0
1989-05,103.82850646972656,116.75053405761719,80.26698303222656,3.114215612411499,24051.0
1989-06,89.46155548095703,97.67894744873047,68.48663330078125,2.683295488357544,23814.0
1989-07,84.75310516357422,84.32604217529297,78.8324966430664,2.5420711040496826,22462.0
1989-08,109.17729187011719,115.9572525024414,115.18624114990234,3.274646282196045,23117.0
1989-09,85.54584503173828,79.4195785522461,88.94374084472656,2.5658483505249023,23501.0
1989-10,69.52467346191406,68.15611267089844,64.53548431396484,2.0853118896484375,25272.0
1989-11,92.8287124633789,71.7497329711914,112.52256774902344,2.784289598464966,24315.0
1989-12,112.55352783203125,101.52501678466797,128.65443420410156,3.3759124279022217,24112.0
1990-01,81.5440444946289,76.01142120361328,80.72607421875,2.445819139480591,24409.0
1990-02,77.40721130371094,81.10881042480469,65.3890380859375,2.321739435195923,22397.0
1990-03,67.5919418334961,68.18672180175781,59.72285842895508,2.027341842651367,25748.0
1990-04,81.64384460449219,97.97654724121094,54.79267120361328,2.448812484741211,24420.0
1990-05,86.40711975097656,97.81657409667969,66.84378051757812,2.5916812419891357,25196.0
1990-06,79.68110656738281,72.84642028808594,80.65287780761719,2.3899424076080322,24101.0
1990-07,85.78742980957031,82.36925506591797,81.84713745117188,2.573094367980957,23668.0
1990-08,250.45108032226562,353.76312255859375,128.2501983642578,7.511989593505859,24188.0
1990-09,188.66053771972656,262.1236267089844,106.9548110961914,5.65865421295166,24087.0
1990-10,143.85256958007812,172.9463653564453,105.10758972167969,4.314691066741943,25587.0
1990-11,158.74354553222656,201.18106079101562,115.40345764160156,4.76132869720459,24804.0
1990-12,153.1624298095703,194.64852905273438,103.18325805664062,4.593929290771484,23161.0
1991-01,379.2497863769531,360.0328063964844,479.7158508300781,11.375157356262207,24659.0
1991-02,339.3580322265625,253.7916259765625,490.27374267578125,10.178650856018066,22390.0
1991-03,148.61831665039062,133.98248291015625,171.39544677734375,4.457633972167969,24430.0
1991-04,97.760009765625,100.77496337890625,88.50554656982422,2.9321980476379395,24896.0
1991-05,88.56902313232422,95.45738983154297,79.06768798828125,2.656525135040283,26689.0
1991-06,87.73383331298828,99.7988510131836,69.48858642578125,2.631474494934082,25195.0
1991-07,115.18467712402344,144.65106201171875,84.731201171875,3.4548308849334717,24198.0
1991-08,113.49502563476562,133.4146728515625,87.34529113769531,3.404151678085327,24617.0
1991-09,117.94219207763672,154.14364624023438,74.79663848876953,3.53753924369812,25187.0
1991-10,100.8318099975586,122.6444320678711,77.95648193359375,3.0243332386016846,27411.0
1991-11,100.7423324584961,120.3302230834961,77.58206176757812,3.0216493606567383,25913.0
1991-12,103.96953582763672,135.23251342773438,58.747432708740234,3.118445634841919,25269.0
1992-01,102.95763397216797,126.1564712524414,69.45668029785156,3.088094711303711,26165.0
1992-02,87.2034683227539,101.0959701538086,62.860504150390625,2.6155669689178467,25310.0
1992-03,85.29731750488281,107.12957000732422,53.69252014160156,2.558394193649292,27400.0
1992-04,85.85562133789062,92.64119720458984,74.40125274658203,2.5751397609710693,26484.0
1992-05,78.96814727783203,93.08229064941406,56.43539047241211,2.368557929992676,26894.0
1992-06,93.84909057617188,124.33613586425781,49.73001480102539,2.814894676208496,25969.0
1992-07,75.19676971435547,92.42886352539062,51.642940521240234,2.2554399967193604,26425.0
1992-08,81.64519500732422,87.55679321289062,70.1595230102539,2.448853015899658,25808.0
1992-09,74.6097183227539,92.68926239013672,45.73872375488281,2.2378320693969727,26052.0
1992-10,68.18277740478516,71.33625793457031,58.99306106567383,2.0450632572174072,27872.0
1992-11,91.00899505615234,109.6229248046875,68.5569076538086,2.7297091484069824,26120.0
1992-12,83.42096710205078,97.29403686523438,60.88547134399414,2.502115249633789,24819.0
1993-01,128.91807556152344,144.89353942871094,114.82777404785156,3.866748094558716,27827.0
1993-02,90.46806335449219,105.26100158691406,64.63740539550781,2.713484525680542,26571.0
1993-03,94.24144744873047,99.9146728515625,80.28809356689453,2.826663017272949,29434.0
1993-04,112.72166442871094,144.0390167236328,72.71391296386719,3.380955696105957,28838.0
1993-05,110.72975158691406,137.38629150390625,77.88386535644531,3.3212103843688965,29146.0
1993-06,104.19525146484375,125.46405029296875,73.33211517333984,3.125215768814087,28958.0
1993-07,123.31478881835938,131.75840759277344,107.0821533203125,3.698683977127075,28037.0
1993-08,97.2416763305664,97.08562469482422,94.7355728149414,2.9166512489318848,26983.0
1993-09,89.16477966308594,97.45659637451172,76.93018341064453,2.674394130706787,28642.0
1993-10,106.16590881347656,130.3068084716797,65.22377014160156,3.184323310852051,31027.0
1993-11,83.48017883300781,105.1309585571289,51.35593795776367,2.5038912296295166,29554.0
1993-12,79.55179595947266,97.06568145751953,50.134674072265625,2.386063814163208,28415.0
1994-01,83.48997497558594,93.09183502197266,65.27042388916016,2.5041849613189697,29271.0
1994-02,117.2420654296875,148.14723205566406,76.48810577392578,3.5165398120880127,27328.0
1994-03,93.47403717041016,98.56234741210938,79.4195327758789,2.803645372390747,30175.0
1994-04,95.35697174072266,116.44586181640625,68.70893859863281,2.860121726989746,28775.0
1994-05,104.46678924560547,122.97669982910156,73.90620422363281,3.1333601474761963,29904.0
1994-06,120.35224151611328,148.2960662841797,79.9498519897461,3.609825849533081,29392.0
1994-07,99.6402359008789,115.40325927734375,75.47087860107422,2.988593339920044,28843.0
1994-08,98.2270278930664,122.92201232910156,66.64015197753906,2.9462058544158936,28070.0
1994-09,98.89848327636719,131.31796264648438,51.336830139160156,2.9663453102111816,29565.0
1994-10,94.85363006591797,118.89933776855469,64.50569152832031,2.845024585723877,30650.0
1994-11,86.5298080444336,100.79308319091797,70.68946075439453,2.5953612327575684,28628.0
1994-12,96.04750061035156,107.74173736572266,81.61609649658203,2.880833387374878,28221.0
1995-01,80.15467834472656,84.89913940429688,70.47705841064453,2.404146671295166,27203.0
1995-02,76.87532806396484,72.59407043457031,77.14599609375,2.305786371231079,25024.0
1995-03,82.24444580078125,79.15904235839844,79.87528991699219,2.4668266773223877,28336.0
1995-04,99.19087982177734,93.92303466796875,99.14794158935547,2.9751152992248535,27125.0
1995-05,87.842529296875,96.40919494628906,79.34961700439453,2.634734869003296,27517.0
1995-06,104.60775756835938,121.57904815673828,85.1209487915039,3.1375882625579834,27059.0
1995-07,107.64541625976562,115.32476806640625,100.19744873046875,3.2286994457244873,25645.0
1995-08,106.93478393554688,118.4973373413086,100.7674560546875,3.2073848247528076,25566.0
1995-09,71.20516967773438,72.98401641845703,68.81755065917969,2.135716438293457,26408.0
1995-10,67.74150085449219,64.2778091430664,69.12648010253906,2.031827688217163,31105.0
1995-11,76.33349609375,78.8126220703125,69.86588287353516,2.289534568786621,26774.0
1995-12,65.67205810546875,68.98201751708984,55.363800048828125,1.969757318496704,25130.0
1996-01,75.63492584228516,73.66007995605469,79.68246459960938,2.2685818672180176,26316.0
1996-02,80.4209213256836,85.9759750366211,69.15779113769531,2.4121322631835938,25123.0
1996-03,82.14761352539062,77.89100646972656,84.08819580078125,2.4639225006103516,27233.0
1996-04,84.82862091064453,71.23197174072266,98.6463623046875,2.5443360805511475,25036.0
1996-05,65.53082275390625,59.1929931640625,68.71073913574219,1.965520977973938,27321.0
1996-06,69.08858489990234,72.52593231201172,61.67017364501953,2.0722320079803467,28713.0
1996-07,80.64431762695312,74.90693664550781,85.2721939086914,2.418832778930664,29353.0
1996-08,81.6876449584961,81.7337417602539,85.69389343261719,2.4501261711120605,28121.0
1996-09,88.19697570800781,87.04828643798828,92.83900451660156,2.6453659534454346,27104.0
1996-10,55.586830139160156,56.879756927490234,49.54435729980469,1.6672625541687012,30769.0
1996-11,57.34461212158203,58.0576171875,51.038421630859375,1.7199851274490356,29477.0
1996-12,74.98263549804688,80.17862701416016,66.17648315429688,2.2490172386169434,26456.0
1997-01,54.062435150146484,53.25782775878906,55.227325439453125,1.6215400695800781,26518.0
1997-02,50.559940338134766,54.501365661621094,43.509159088134766,1.5164867639541626,27234.0
1997-03,58.48006057739258,56.36629867553711,59.907318115234375,1.7540415525436401,30558.0
1997-04,62.844486236572266,62.37605667114258,61.28048324584961,1.884947419166565,29656.0
1997-05,53.57601547241211,53.54428482055664,49.572898864746094,1.6069504022598267,30617.0
1997-06,39.045623779296875,36.68563461303711,38.63948059082031,1.1711281538009644,29288.0
1997-07,47.69842529296875,47.428409576416016,43.43375015258789,1.4306589365005493,29427.0
1997-08,48.582298278808594,46.30862808227539,49.42500305175781,1.4571696519851685,28823.0
1997-09,42.6890869140625,41.63934326171875,41.08793258666992,1.2804096937179565,30459.0
1997-10,49.746307373046875,58.68946075439453,34.460205078125,1.4920828342437744,32840.0
1997-11,59.6933708190918,79.03630828857422,32.765533447265625,1.790433406829834,30272.0
1997-12,43.998268127441406,48.36233139038086,35.839134216308594,1.3196769952774048,30462.0
1998-01,53.0963020324707,59.82126998901367,42.487815856933594,1.592561960220337,32589.0
1998-02,77.59761810302734,101.84082794189453,45.368019104003906,2.3274505138397217,31107.0
1998-03,57.24806213378906,65.50199890136719,44.5167121887207,1.7170891761779785,34244.0
1998-04,50.99658203125,58.76738357543945,38.00284957885742,1.5295833349227905,32231.0
1998-05,94.4734878540039,129.79888916015625,43.802757263183594,2.833622694015503,35714.0
1998-06,76.30907440185547,94.95468139648438,48.77885437011719,2.288802146911621,35346.0
1998-07,54.04841613769531,64.22628021240234,38.29932403564453,1.621119499206543,33372.0
1998-08,97.02085876464844,83.93855285644531,123.8387451171875,2.9100282192230225,32199.0
1998-09,62.51344299316406,68.4769515991211,55.129615783691406,1.8750182390213013,34293.0
1998-10,54.403648376464844,57.89592742919922,48.27804183959961,1.6317743062973022,35299.0
1998-11,67.96592712402344,88.07134246826172,38.602264404296875,2.0385591983795166,33455.0
1998-12,75.95989227294922,86.2803955078125,64.999755859375,2.2783288955688477,31646.0
1999-01,63.98722457885742,69.46121215820312,53.77272033691406,1.9192225933074951,32930.0
1999-02,58.316383361816406,67.28399658203125,44.1739501953125,1.7491322755813599,29386.0
1999-03,83.39727783203125,89.73835754394531,75.18807983398438,2.5014045238494873,33821.0
1999-04,106.19801330566406,112.34139251708984,103.2333755493164,3.185286283493042,32242.0
1999-05,85.44113159179688,89.3775634765625,80.67141723632812,2.5627076625823975,33090.0
1999-06,79.4105453491211,75.96134948730469,83.76152038574219,2.3818271160125732,32664.0
1999-07,62.14287185668945,66.83728790283203,54.25792694091797,1.8639034032821655,31654.0
1999-08,62.858642578125,65.2621078491211,57.959991455078125,1.8853720426559448,30551.0
1999-09,69.58151245117188,75.54266357421875,62.214027404785156,2.0870168209075928,31672.0
1999-10,72.35348510742188,79.38410949707031,60.16195297241211,2.170158863067627,34744.0
1999-11,57.9638671875,60.38698196411133,52.49796676635742,1.7385590076446533,33476.0
1999-12,86.0849380493164,95.51082611083984,86.46973419189453,2.5820178985595703,31487.0
2000-01,64.45780944824219,65.57360076904297,64.25041198730469,1.9333373308181763,33362.0
2000-02,63.54172134399414,57.65135955810547,68.08216857910156,1.905860185623169,32951.0
2000-03,50.101985931396484,55.03073501586914,40.81640625,1.5027509927749634,36533.0
2000-04,48.6827392578125,53.30490493774414,40.91702651977539,1.4601823091506958,33352.0
2000-05,79.48287963867188,77.26969909667969,83.22781372070312,2.3839967250823975,35193.0
2000-06,64.71781921386719,73.57466888427734,53.174400329589844,1.9411360025405884,34928.0
2000-07,51.904022216796875,57.31697463989258,41.059078216552734,1.5568009614944458,33723.0
2000-08,46.49225616455078,49.192291259765625,41.58592224121094,1.3944813013076782,33776.0
2000-09,52.689998626708984,64.44499206542969,35.192142486572266,1.5803754329681396,35751.0
2000-10,76.45652770996094,82.38760375976562,77.61014556884766,2.293224811553955,36368.0
2000-11,45.06056213378906,44.357688903808594,47.206809997558594,1.3515392541885376,35959.0
2000-12,45.39509963989258,46.16897964477539,43.98335266113281,1.361573338508606,32389.0
2001-01,46.89955520629883,53.70235824584961,38.343318939208984,1.4066977500915527,34549.0
2001-02,55.087711334228516,63.68989181518555,45.426673889160156,1.652292013168335,31653.0
2001-03,61.708953857421875,66.72218322753906,56.86698913574219,1.8508884906768799,36523.0
2001-04,50.5687370300293,52.7736701965332,47.17219924926758,1.5167505741119385,33163.0
2001-05,60.376861572265625,61.344993591308594,56.86418914794922,1.8109339475631714,35120.0
2001-06,72.06433868408203,79.31310272216797,64.2144775390625,2.1614861488342285,33588.0
2001-07,61.072940826416016,65.49278259277344,52.618770599365234,1.8318120241165161,31881.0
2001-08,64.10773468017578,55.23207473754883,74.89220428466797,1.9228371381759644,32088.0
2001-09,498.64788818359375,260.16961669921875,841.177490234375,14.956364631652832,33230.0
2001-10,512.5297241210938,261.347412109375,854.074951171875,15.372735023498535,36259.0
2001-11,306.785888671875,149.79522705078125,509.7461242675781,9.20168685913086,34385.0
2001-12,236.09974670410156,126.19801330566406,381.9725036621094,7.081538200378418,31335.0
2002-01,172.47720336914062,106.9162368774414,262.2870178222656,5.173253536224365,32842.0
2002-02,146.1857147216797,95.78031158447266,212.90550231933594,4.384670734405518,31861.0
2002-03,151.9763641357422,99.12334442138672,219.96884155273438,4.55835485458374,34530.0
2002-04,157.49655151367188,100.74444580078125,225.64035034179688,4.723926544189453,32600.0
2002-05,163.3223114013672,142.246826171875,209.40878295898438,4.898663520812988,33601.0
2002-06,149.33042907714844,127.7907485961914,189.1234893798828,4.478992938995361,32418.0
2002-07,122.7783432006836,94.34967803955078,168.41973876953125,3.682594060897827,31581.0
2002-08,127.06451416015625,101.69573974609375,157.46444702148438,3.811152696609497,30988.0
2002-09,174.90333557128906,174.5314483642578,188.7191925048828,5.246022701263428,32558.0
2002-10,172.03192138671875,167.02581787109375,197.39906311035156,5.159897804260254,35679.0
2002-11,159.12759399414062,155.0137481689453,179.06283569335938,4.772847652435303,33942.0
2002-12,175.8117218017578,182.9995574951172,175.19842529296875,5.273268699645996,31233.0
2003-01,206.43460083007812,245.8175506591797,176.95985412597656,6.191766262054443,33593.0
2003-02,239.61093139648438,296.7597961425781,213.080322265625,7.186851978302002,31335.0
2003-03,358.711181640625,362.41107177734375,429.1441955566406,10.759125709533691,36081.0
2003-04,255.77517700195312,212.60545349121094,331.6032409667969,7.671679973602295,34308.0
2003-05,162.1218719482422,153.3962860107422,186.8463592529297,4.86265754699707,35022.0
2003-06,145.7697296142578,127.83353424072266,176.91827392578125,4.372193813323975,33187.0
2003-07,134.89891052246094,108.3927993774414,167.4486541748047,4.046136379241943,32599.0
2003-08,138.23092651367188,109.64905548095703,180.0001220703125,4.146076202392578,32175.0
2003-09,118.19628143310547,99.72046661376953,143.5571746826172,3.5451602935791016,33990.0
2003-10,108.3173828125,93.02832794189453,129.9432830810547,3.248854160308838,37090.0
2003-11,118.0866928100586,93.33158874511719,153.246337890625,3.5418734550476074,33231.0
2003-12,129.46507263183594,107.44403839111328,164.98052978515625,3.88315486907959,31392.0
2004-01,113.46759033203125,106.71729278564453,126.08518981933594,3.4033286571502686,33526.0
2004-02,115.07597351074219,104.11482238769531,129.24427795410156,3.4515702724456787,32449.0
2004-03,138.53207397460938,109.12393951416016,183.70297241210938,4.15510892868042,34969.0
2004-04,149.6313934326172,121.14622497558594,205.3251953125,4.488019943237305,33556.0
2004-05,121.0911865234375,91.96539306640625,159.94842529296875,3.6319897174835205,34086.0
2004-06,137.23391723632812,106.79373931884766,178.03662109375,4.1161723136901855,33502.0
2004-07,131.0198516845703,121.26777648925781,159.81219482421875,3.929788589477539,33157.0
2004-08,140.36582946777344,127.44524383544922,176.45431518554688,4.210110187530518,32897.0
2004-09,153.87161254882812,130.20606994628906,189.355224609375,4.615200519561768,33433.0
2004-10,119.86279296875,100.50788116455078,148.24447631835938,3.5951454639434814,34936.0
2004-11,122.70738983154297,98.92665100097656,151.67926025390625,3.6804659366607666,33311.0
2004-12,109.89522552490234,81.60477447509766,145.225341796875,3.29617977142334,31491.0
2005-01,100.88758850097656,78.19856262207031,128.5348663330078,3.0260062217712402,33146.0
2005-02,108.97796630859375,104.7703628540039,108.79598236083984,3.268667697906494,31083.0
2005-03,90.41048431396484,87.22633361816406,87.87673950195312,2.7117576599121094,34922.0
2005-04,87.03240203857422,72.53263092041016,102.85391235351562,2.610435962677002,33979.0
2005-05,98.20596313476562,89.93269348144531,104.9098892211914,2.9455740451812744,33440.0
2005-06,81.12405395507812,69.88249969482422,93.41752624511719,2.4332218170166016,33207.0
2005-07,165.90191650390625,118.1835708618164,237.5650177001953,4.9760355949401855,32757.0
2005-08,116.2276611328125,92.68307495117188,143.29122924804688,3.4861137866973877,30894.0
2005-09,103.80766296386719,78.45670318603516,130.27203369140625,3.1135904788970947,34237.0
2005-10,87.06182861328125,73.18765258789062,105.56188201904297,2.611318588256836,34810.0
2005-11,83.48009490966797,70.60446166992188,96.02958679199219,2.5038886070251465,32789.0
2005-12,95.35025024414062,69.64460754394531,130.6789093017578,2.8599202632904053,31889.0
2006-01,94.51001739501953,89.32347106933594,100.19158172607422,2.8347184658050537,32490.0
2006-02,95.85819244384766,89.40576171875,102.79864501953125,2.875155210494995,31407.0
2006-03,92.79762268066406,88.04222869873047,97.03602600097656,2.7833571434020996,34850.0
2006-04,89.01580047607422,85.9110107421875,92.8307113647461,2.6699256896972656,31911.0
2006-05,85.20877838134766,84.03312683105469,82.27742767333984,2.5557384490966797,33415.0
2006-06,102.57276916503906,90.38453674316406,115.67947387695312,3.0765511989593506,33089.0
2006-07,137.13482666015625,134.39634704589844,142.0860595703125,4.1132001876831055,31484.0
2006-08,147.08111572265625,141.55645751953125,159.18817138671875,4.411527633666992,30987.0
2006-09,111.72425842285156,110.28041076660156,114.77066802978516,3.3510396480560303,32945.0
2006-10,113.13529968261719,125.2918930053711,99.27391815185547,3.393362045288086,33595.0
2006-11,88.77892303466797,87.27577209472656,86.71051025390625,2.662820816040039,32935.0
2006-12,90.60655975341797,95.78137969970703,78.7696533203125,2.7176387310028076,30762.0
2007-01,97.9200439453125,95.61344909667969,97.65373992919922,2.936998128890991,32380.0
2007-02,96.16935729980469,98.1557388305664,90.95567321777344,2.884488344192505,30300.0
2007-03,87.33650207519531,86.1521224975586,83.9186019897461,2.6195571422576904,34586.0
2007-04,76.6133804321289,69.22551727294922,83.41928100585938,2.297929525375366,31202.0
2007-05,92.5995864868164,82.30323028564453,103.89258575439453,2.7774171829223633,30820.0
2007-06,97.9723129272461,87.08059692382812,109.30941009521484,2.938565969467163,31546.0
2007-07,112.34625244140625,103.2634048461914,127.13468170166016,3.3696954250335693,30893.0
2007-08,83.17320251464844,73.12574005126953,100.14825439453125,2.4946837425231934,31507.0
2007-09,94.4888687133789,94.93997955322266,92.24872589111328,2.8340840339660645,31968.0
2007-10,101.47301483154297,103.61026763916016,97.49516296386719,3.043565273284912,34959.0
2007-11,89.79544830322266,95.73847961425781,81.56842803955078,2.693310260772705,33379.0
2007-12,94.96749114990234,98.5313720703125,84.13076782226562,2.8484396934509277,30859.0
2008-01,81.49982452392578,76.40237426757812,83.74764251708984,2.444492816925049,32113.0
2008-02,80.75146484375,72.52851104736328,86.75279235839844,2.422046422958374,31461.0
2008-03,77.63613891601562,72.02967834472656,83.48439025878906,2.328605890274048,32294.0
2008-04,71.9048080444336,69.45796966552734,69.99274444580078,2.1567013263702393,31576.0
2008-05,72.57379913330078,70.67774963378906,74.78978729248047,2.176766872406006,32755.0
2008-06,87.54842376708984,88.88606262207031,80.34490203857422,2.625913381576538,30656.0
2008-07,89.73957061767578,84.3224868774414,88.16068267822266,2.6916344165802,30279.0
2008-08,88.55410766601562,75.76971435546875,105.06571197509766,2.6560778617858887,29969.0
2008-09,88.54255676269531,82.01426696777344,94.46100616455078,2.655731201171875,30726.0
2008-10,64.15979766845703,53.11738967895508,75.28266143798828,1.92439866065979,32010.0
2008-11,79.08097076416016,68.30364990234375,95.14356231689453,2.3719420433044434,29596.0
2008-12,92.3664321899414,83.84313201904297,109.21497344970703,2.7704238891601562,26819.0
2009-01,85.36947631835938,86.31317138671875,89.7125473022461,2.560558319091797,28939.0
2009-02,67.45267486572266,64.77291107177734,64.58635711669922,2.023164749145508,26592.0
2009-03,72.64462280273438,69.17710876464844,74.83297729492188,2.178891181945801,28822.0
2009-04,85.6884994506836,84.48536682128906,83.98128509521484,2.570127248764038,27664.0
2009-05,89.68086242675781,86.63702392578125,92.64315032958984,2.689873456954956,27808.0
2009-06,81.10958862304688,80.80081939697266,74.5913314819336,2.432788133621216,26595.0
2009-07,83.43962097167969,82.10675048828125,80.12088012695312,2.5026745796203613,26172.0
2009-08,73.37187957763672,64.70917510986328,78.04385375976562,2.200704336166382,24992.0
2009-09,92.8399887084961,97.492919921875,77.7846450805664,2.784627676010132,26359.0
2009-10,90.57640075683594,88.22991180419922,90.4251480102539,2.7167341709136963,28122.0
2009-11,82.10176086425781,74.31538391113281,85.0097885131836,2.4625470638275146,26233.0
2009-12,92.94691467285156,89.34334564208984,95.87136840820312,2.787834882736206,24858.0
2010-01,91.58102416992188,84.97299194335938,100.41094207763672,2.7468667030334473,27049.0
2010-02,80.72535705566406,78.84627532958984,80.71173858642578,2.4212634563446045,27465.0
2010-03,74.116943359375,73.49691009521484,70.03934478759766,2.2230517864227295,29464.0
2010-04,88.76158142089844,92.05691528320312,81.26840209960938,2.6623005867004395,28096.0
2010-05,88.95870971679688,87.49411010742188,85.85739135742188,2.668213367462158,29308.0
2010-06,96.45369720458984,110.69171905517578,70.9886245727539,2.893016815185547,29070.0
2010-07,79.38137817382812,75.18537902832031,84.04823303222656,2.3809523582458496,28434.0
2010-08,80.99386596679688,71.95153045654297,85.98257446289062,2.429316997528076,26633.0
2010-09,71.16854858398438,68.94754028320312,69.29395294189453,2.134618043899536,28436.0
2010-10,65.99193572998047,62.0961799621582,76.16891479492188,1.9793516397476196,30414.0
2010-11,94.70516967773438,98.68914794921875,83.2665023803711,2.840571641921997,28621.0
2010-12,97.20389556884766,100.3976821899414,91.7621078491211,2.915518045425415,26479.0
2011-01,79.42161560058594,76.59356689453125,78.8069839477539,2.3821592330932617,27622.0
2011-02,90.01448822021484,90.18933868408203,85.48683166503906,2.6998801231384277,25853.0
2011-03,136.8883056640625,126.96572875976562,157.47984313964844,4.10580587387085,30055.0
2011-04,91.01776885986328,72.92317962646484,111.94474029541016,2.7299723625183105,27949.0
2011-05,105.34491729736328,95.50663757324219,123.82610321044922,3.159698724746704,28009.0
2011-06,84.391845703125,71.39112854003906,98.27275848388672,2.531235456466675,27773.0
2011-07,78.92475891113281,59.019046783447266,102.11175537109375,2.3672566413879395,27120.0
2011-08,86.95156860351562,63.504676818847656,112.49906158447266,2.608011484146118,26687.0
2011-09,83.35044860839844,70.606689453125,95.26744079589844,2.5,28160.0
2011-10,76.33993530273438,64.18510437011719,92.34331512451172,2.2897279262542725,28475.0
2011-11,83.15767669677734,95.57453155517578,70.11003875732422,2.494218111038208,28105.0
2011-12,85.34132385253906,88.89408111572266,77.47647857666016,2.5597140789031982,26292.0
2012-01,79.63497161865234,93.6095962524414,62.06843185424805,2.3885586261749268,26920.0
2012-02,92.4458236694336,104.2074966430664,78.59986114501953,2.7728052139282227,26255.0
2012-03,88.75997924804688,87.85648345947266,85.85698699951172,2.66225266456604,28998.0
2012-04,96.01668548583984,101.92078399658203,86.38436889648438,2.879909038543701,26355.0
2012-05,78.17115783691406,80.6348876953125,69.74354553222656,2.3446531295776367,27680.0
2012-06,77.82243347167969,70.23216247558594,82.17473602294922,2.334193706512451,26733.0
2012-07,82.80802154541016,79.33626556396484,91.00080108642578,2.4837305545806885,25969.0
2012-08,74.87835693359375,70.9891586303711,78.11161804199219,2.24588942527771,26760.0
2012-09,69.28050994873047,68.40282440185547,65.87126159667969,2.077988624572754,27286.0
2012-10,81.66366577148438,74.20600891113281,88.03089904785156,2.449406862258911,28660.0
2012-11,81.38964080810547,75.65846252441406,89.04841613769531,2.441187858581543,28183.0
2012-12,74.83155822753906,66.24052429199219,82.9786148071289,2.244485855102539,25752.0
2013-01,90.6574935913086,84.139892578125,108.9493179321289,2.7191662788391113,27251.0
2013-02,81.59033203125,77.60531616210938,85.65817260742188,2.447207450866699,25335.0
2013-03,75.89672088623047,81.89175415039062,69.39681243896484,2.2764341831207275,28202.0
2013-04,95.10787200927734,99.5219497680664,87.4727554321289,2.8526504039764404,26712.0
2013-05,83.71731567382812,75.3292236328125,98.22759246826172,2.5110037326812744,27718.0
2013-06,82.97300720214844,78.82188415527344,86.63420104980469,2.4886791706085205,26279.0
2013-07,73.97581481933594,71.55718994140625,72.67587280273438,2.2188186645507812,25464.0
2013-08,90.95674896240234,80.73957824707031,106.97908782958984,2.728142261505127,26135.0
2013-09,100.4593276977539,100.38423156738281,100.16348266601562,3.0131609439849854,25986.0
2013-10,72.95311737060547,65.50166320800781,78.73002624511719,2.1881442070007324,27649.0
2013-11,77.77902221679688,92.4988784790039,52.43838119506836,2.3328914642333984,26405.0
2013-12,70.37248992919922,70.09461212158203,66.79072570800781,2.110741138458252,24020.0
2014-01,77.91596984863281,70.48076629638672,83.1458969116211,2.3369991779327393,25460.0
2014-02,69.00352478027344,73.27865600585938,59.08655548095703,2.069680690765381,24110.0
2014-03,119.83855438232422,151.67477416992188,74.0618896484375,3.594418525695801,26875.0
2014-04,93.22154235839844,113.13993072509766,60.90629959106445,2.796072006225586,25357.0
2014-05,83.4288558959961,91.6987533569336,76.15043640136719,2.502351760864258,26575.0
2014-06,98.76710510253906,95.32296752929688,107.18201446533203,2.962404727935791,25216.0
2014-07,138.7539520263672,162.71510314941406,118.54683685302734,4.161763668060303,25494.0
2014-08,136.44558715820312,158.59349060058594,112.11448669433594,4.092526912689209,24166.0
2014-09,131.55665588378906,143.3953857421875,120.78192138671875,3.945889472961426,24912.0
2014-10,83.66100311279297,86.33345031738281,77.19393157958984,2.509314775466919,26302.0
2014-11,84.38005065917969,88.46994018554688,76.33753204345703,2.530881643295288,24853.0
2014-12,86.5262222290039,81.27322387695312,96.23736572265625,2.5952537059783936,22965.0
2015-01,111.9856948852539,83.50390625,153.33984375,3.3588809967041016,23877.0
2015-02,111.92469787597656,118.22520446777344,107.79053497314453,3.3570516109466553,21924.0
2015-03,104.23526763916016,117.48873138427734,83.63285064697266,3.126415967941284,24277.0
2015-04,102.19049072265625,110.18872833251953,95.08645629882812,3.0650851726531982,23523.0
2015-05,76.2623291015625,77.66873168945312,72.86188507080078,2.287400007247925,23389.0
2015-06,85.90596771240234,81.06608581542969,88.7894287109375,2.5766499042510986,23092.0
2015-07,106.80866241455078,120.84297180175781,86.16881561279297,3.203601837158203,23099.0
2015-08,82.47853088378906,85.33859252929688,74.0282974243164,2.4738478660583496,21222.0
2015-09,98.7674560546875,115.88518524169922,79.34535217285156,2.9624152183532715,22988.0
2015-10,91.931884765625,79.726318359375,108.51441955566406,2.757390260696411,24661.0
2015-11,150.71588134765625,113.04398345947266,213.99351501464844,4.520547866821289,21900.0
2015-12,148.23687744140625,115.224365234375,204.6312713623047,4.446193218231201,20332.0
2016-01,118.21114349365234,124.23914337158203,109.52909851074219,3.5456061363220215,21576.0
2016-02,103.74964904785156,91.322021484375,117.58201599121094,3.1118505001068115,20438.0
2016-03,109.72029113769531,98.02693176269531,127.76814270019531,3.2909328937530518,22091.0
2016-04,85.22145080566406,80.82244110107422,93.12298583984375,2.5561184883117676,21517.0
2016-05,88.3324203491211,84.46136474609375,93.63965606689453,2.649428606033325,21967.0
2016-06,90.16812896728516,80.51286315917969,100.85737609863281,2.704488515853882,21187.0
2016-07,114.6104507446289,97.0980453491211,145.14874267578125,3.437607526779175,20363.0
2016-08,98.73848724365234,82.44046783447266,121.45369720458984,2.9615464210510254,19348.0
2016-09,104.54522705078125,95.48959350585938,121.15049743652344,3.1357128620147705,19836.0
2016-10,85.74778747558594,79.64808654785156,100.30767822265625,2.5719053745269775,20374.0
2016-11,82.91875457763672,81.22564697265625,83.97505950927734,2.4870519638061523,19501.0
2016-12,102.18046569824219,93.9366226196289,113.97946166992188,3.064784526824951,18631.0
2017-01,105.20123291015625,108.2770004272461,103.17117309570312,3.1553890705108643,19744.0
2017-02,114.20635986328125,125.66468048095703,97.15160369873047,3.4254872798919678,18158.0
2017-03,96.63587951660156,95.83842468261719,95.67454528808594,2.8984811305999756,20804.0
2017-04,119.45992279052734,127.44654846191406,108.06884002685547,3.583061933517456,19034.0
2017-05,102.57996368408203,102.35460662841797,99.70480346679688,3.0767669677734375,19696.0
2017-06,126.78901672363281,113.16846466064453,146.67166137695312,3.802889585494995,19380.0
2017-07,102.81346130371094,125.59920501708984,71.9550552368164,3.083770513534546,18873.0
2017-08,138.5316162109375,160.02310180664062,108.43595123291016,4.155095100402832,18724.0
2017-09,115.5344467163086,142.1448974609375,84.09626770019531,3.4653217792510986,20027.0
2017-10,91.4615707397461,109.23060607910156,69.15699768066406,2.743283748626709,24642.0
2017-11,92.59601593017578,103.94397735595703,80.11587524414062,2.7773101329803467,23764.0
2017-12,82.71825408935547,95.908447265625,62.65747833251953,2.4810380935668945,21886.0
2018-01,92.42678833007812,107.64431762695312,75.66629028320312,2.7722342014312744,23050.0
2018-02,64.49137115478516,74.68311309814453,52.002201080322266,1.934343934059143,21506.0
2018-03,111.96229553222656,146.9270782470703,64.55758666992188,3.3581790924072266,24954.0
2018-04,123.26347351074219,146.39566040039062,94.30585479736328,3.6971449851989746,23153.0
2018-05,125.66661834716797,172.21670532226562,63.21790313720703,3.7692244052886963,23798.0
2018-06,103.96858978271484,137.0244598388672,56.64043426513672,3.118417263031006,24211.0
2018-07,110.02842712402344,129.1023406982422,84.4084701538086,3.3001749515533447,23423.0
2018-08,112.74168395996094,145.11407470703125,68.57559204101562,3.3815560340881348,22327.0
2018-09,75.05390930175781,88.62364196777344,51.163917541503906,2.251154899597168,23810.0
2018-10,92.0164794921875,115.21215057373047,61.150474548339844,2.75992751121521,24276.0
2018-11,80.40758514404297,105.16685485839844,47.40216827392578,2.4117321968078613,23593.0
2018-12,90.607666015625,106.06269836425781,66.24092864990234,2.7176718711853027,21305.0
2019-01,87.42410278320312,112.98045349121094,55.7335090637207,2.6221845149993896,23530.0
2019-02,96.80016326904297,127.857421875,57.51169967651367,2.9034085273742676,21182.0
2019-03,82.32829284667969,90.78959655761719,66.64120483398438,2.46934175491333,23974.0
2019-04,79.25344848632812,95.45539855957031,57.51552963256836,2.377115249633789,22338.0
2019-05,106.4719009399414,134.97251892089844,64.66343688964844,3.1935012340545654,23266.0
2019-06,106.58845520019531,142.6534881591797,53.42063903808594,3.1969971656799316,23178.0
2019-07,93.52125549316406,126.93077850341797,47.41885757446289,2.8050615787506104,22602.0
2019-08,103.4044189453125,124.72541809082031,70.09744262695312,3.1014955043792725,22602.0
2019-09,90.36798858642578,110.8709487915039,67.81023406982422,2.7104830741882324,22579.0
2019-10,97.83673095703125,121.31104278564453,69.96658325195312,2.9344992637634277,23786.0
2019-11,73.07838439941406,84.5873031616211,53.03253173828125,2.191901445388794,22720.0
2019-12,74.27989196777344,80.11077117919922,63.33135223388672,2.2279391288757324,20602.0
2020-01,138.4209442138672,190.8443603515625,81.65093994140625,4.15177583694458,22665.0
2020-02,75.95555877685547,87.1624526977539,56.68605041503906,2.2781989574432373,22430.0
2020-03,81.54003143310547,97.09007263183594,62.90298843383789,2.4456987380981445,23388.0
2020-04,69.33940124511719,81.76082611083984,47.59123229980469,2.0797548294067383,21541.0
2020-05,68.50721740722656,83.35546112060547,42.29555892944336,2.0547945499420166,22192.0
2020-06,71.22785949707031,85.86660766601562,49.760887145996094,2.136397123336792,21672.0
2020-07,66.47328186035156,88.73797607421875,36.25208282470703,1.9937890768051147,22219.0
2020-08,65.46604919433594,90.00911712646484,28.454627990722656,1.9635781049728394,22459.0
2020-09,80.37738037109375,101.25764465332031,49.51808166503906,2.4108262062072754,22316.0
2020-10,76.08316802978516,97.65258026123047,42.68144226074219,2.2820262908935547,23707.0
2020-11,70.06746673583984,79.03644561767578,62.31394577026367,2.1015923023223877,21793.0
2020-12,64.06729125976562,86.81527709960938,31.744428634643555,1.9216241836547852,21180.0
2021-01,77.418701171875,98.47562408447266,48.2874870300293,2.3220841884613037,22609.0
2021-02,73.95680236816406,94.48355865478516,46.326778411865234,2.2182486057281494,20692.0
2021-03,78.61876678466797,100.85202026367188,49.41804122924805,2.358078718185425,22900.0
2021-04,88.16622161865234,109.58695983886719,67.87379455566406,2.6444435119628906,21479.0
2021-05,93.00713348388672,120.7828369140625,52.62611389160156,2.7896411418914795,22010.0
2021-06,74.12712097167969,92.54654693603516,46.34864044189453,2.2233569622039795,21544.0
2021-07,58.42076873779297,64.03631591796875,50.7158317565918,1.7522631883621216,22314.0
2021-08,89.4865493774414,103.20159149169922,76.48285675048828,2.6840453147888184,20715.0
2021-09,80.69696807861328,92.04731750488281,67.94027709960938,2.420412063598633,21360.0
2021-10,79.02923583984375,93.80802917480469,61.149112701416016,2.3703901767730713,22317.0
2021-11,86.56914520263672,121.5009536743164,39.74269104003906,2.596541166305542,21105.0
2021-12,105.34542083740234,155.3102569580078,47.65493392944336,3.1597137451171875,20255.0
2022-01,138.67498779296875,199.48751831054688,63.251529693603516,4.159395217895508,20628.0
2022-02,216.1590118408203,320.6058654785156,105.21830749511719,6.483438968658447,19866.0
2022-03,318.9549255371094,403.713623046875,250.9558563232422,9.566682815551758,20770.0
2022-04,191.14309692382812,221.91055297851562,184.41781616210938,5.7331156730651855,17146.0
2022-05,142.25848388671875,166.424560546875,140.13734436035156,4.266878128051758,17671.0
2022-06,130.7073211669922,160.72695922851562,114.81468963623047,3.920414447784424,16988.0
2022-07,117.17676544189453,141.24293518066406,97.83872985839844,3.5145812034606934,17214.0
2022-08,132.86322021484375,159.38302612304688,111.15857696533203,3.9850780963897705,16888.0
2022-09,131.98587036132812,170.31179809570312,108.6280746459961,3.9587628841400146,16975.0
2022-10,143.16241455078125,185.2843017578125,112.6750259399414,4.293990612030029,17606.0
2022-11,116.7162857055664,143.0465545654297,98.68260955810547,3.50076961517334,17539.0
2022-12,111.19593811035156,119.1385269165039,109.772216796875,3.335193157196045,16131.0
2023-01,104.26704406738281,113.02135467529297,94.62993621826172,3.1273691654205322,15828.0
2023-02,120.99437713623047,147.05015563964844,103.02875518798828,3.6290860176086426,14990.0
2023-03,105.37997436523438,125.08584594726562,86.75404357910156,3.160750150680542,16958.0
2023-04,106.80965423583984,118.16682434082031,93.2484130859375,3.203631639480591,15420.0
2023-05,108.46768188476562,122.47150421142578,92.75943756103516,3.2533624172210693,16506.0
2023-06,110.52894592285156,129.40652465820312,95.2789077758789,3.315187454223633,16349.0
2023-07,107.44878387451172,123.80915069580078,91.76800537109375,3.222801685333252,16104.0
2023-08,101.14118194580078,117.60943603515625,83.60504913330078,3.0336124897003174,16482.0
2023-09,98.63481140136719,125.65179443359375,68.4659194946289,2.9584367275238037,16529.0
2023-10,197.8870086669922,205.04005432128906,221.80393981933594,5.935391426086426,16747.0
2023-11,156.69613647460938,143.49435424804688,189.5543975830078,4.699918746948242,15979.0
2023-12,142.2794647216797,136.1783905029297,173.96380615234375,4.267507553100586,15536.0
2024-01,160.3736572265625,140.83609008789062,208.4711456298828,4.8102216720581055,15966.0
2024-02,146.59817504882812,140.2446746826172,171.18118286132812,4.397042274475098,15283.0
2024-03,133.21316528320312,121.53968048095703,151.81399536132812,3.9955742359161377,16268.0
2024-04,163.9473419189453,170.697998046875,165.99069213867188,4.917410373687744,15801.0
2024-05,130.52186584472656,131.44712829589844,133.154296875,3.9148519039154053,16348.0
2024-06,113.0927963256836,125.71302795410156,109.73841094970703,3.39208722114563,15772.0
2024-07,92.3948745727539,95.1602783203125,95.11029815673828,2.7712771892547607,16238.0
2024-08,140.97506713867188,124.80498504638672,165.17947387695312,4.228383541107178,15798.0
2024-09,130.35877990722656,134.03704833984375,135.5546112060547,3.9099602699279785,15371.0
2024-10,130.689208984375,128.40969848632812,142.81838989257812,3.9198713302612305,16174.0
2024-11,128.90164184570312,139.14866638183594,127.42887115478516,3.866255283355713,15881.0
2024-12,142.36643981933594,128.26246643066406,164.81373596191406,4.270116329193115,14379.0
2025-01,113.233154296875,117.08644104003906,109.50493621826172,3.3962972164154053,15988.0
2025-02,136.9805908203125,138.7676544189453,140.7871551513672,4.108573913574219,14847.0
2025-03,175.901123046875,195.67752075195312,159.82244873046875,5.275949954986572,16869.0
2025-04,141.1845245361328,159.26712036132812,132.4676055908203,4.234665870666504,16483.0
2025-05,167.42288208007812,206.15826416015625,149.22117614746094,5.021655082702637,17086.0
2025-06,222.58563232421875,288.1604919433594,183.72996520996094,6.6761980056762695,16087.0
2025-07,134.64071655273438,156.7975311279297,119.74867248535156,4.038392066955566,16566.0
2025-08,138.98846435546875,160.41519165039062,121.7310562133789,4.168797969818115,15640.0
2025-09,125.86952209472656,141.8061065673828,114.78914642333984,3.7753102779388428,15310.0
2025-10,153.4799346923828,166.6230010986328,151.14178466796875,4.603452682495117,15988.0
2025-11,103.939208984375,118.0085678100586,88.70289611816406,3.1175360679626465,15910.0
2025-12,132.48622131347656,146.3589324951172,123.53462219238281,3.9737703800201416,15250.0
2026-01,168.62986755371094,220.17141723632812,100.22209930419922,5.057857513427734,16074.0
2026-02,119.86540985107422,156.00601196289062,81.2406234741211,3.595223903656006,15159.0
2026-03,330.17681884765625,319.2039794921875,450.3603515625,9.903270721435547,17368.0
2026-04,250.28366088867188,268.60107421875,305.9411926269531,7.506968021392822,16145.0
2026-05,203.5819854736328,233.49290466308594,215.2461395263672,6.106205463409424,16082.0
2026-06,179.9416961669922,214.94244384765625,184.83316040039062,5.39714241027832,16027.0
2026-07,167.53224182128906,190.89479064941406,180.69992065429688,5.024935245513916,15841.0
2026-08,117.9188461303711,130.72189331054688,120.34859466552734,3.536839008331299,13939.0
